{
  "scene": 1,
  "neg_value": -1,
  "density_threshold": 10500,
  "user_id": 1,
  "mode_id": 13,
  "level_start": 1000,
  "level_num": 500000,
  "sun_start": 10000.0,
  "sun_end": -500.0,
  "sun_cap": false,
  "mode": 1,
  "mode1_sim_num": 100,
  "mode1_output_num": 10,
  "mode2_seed": 1780869046,
  "factor1": [
    19,
    18,
    5,
    11,
    6,
    17,
    1,
    20,
    5,
    5
  ],
  "factor2": [
    19,
    19,
    19,
    19,
    19,
    19,
    19,
    19,
    11,
    1
  ],
  "coef": [
    -31.50875,
    -38.28125,
    -180.46875,
    -252.34375,
    -38.28125,
    61.71875,
    -39.84375,
    -80.46875,
    60.15625,
    -52.34375
  ]
}