{
  "scene": 0,
  "neg_value": -1,
  "density_threshold": 12000,
  "user_id": 1,
  "mode_id": 13,
  "level_start": 1000,
  "level_num": 5000,
  "sun_start": 10000.0,
  "sun_end": -500.0,
  "sun_cap": true,
  "mode": 1,
  "mode1_sim_num": 10000,
  "mode1_output_num": 10,
  "mode2_seed": 1780869046,
  "factor1": [
    19,
    18,
    5,
    8,
    11,
    6,
    17,
    20,
    18,
    18,
    5,
    5,
    19
  ],
  "factor2": [
    19,
    19,
    19,
    19,
    19,
    19,
    19,
    19,
    6,
    17,
    8,
    20,
    19
  ],
  "coef": [
    232.452119,
    -121.027542,
    -339.777542,
    -323.622881,
    -439.247881,
    -241.340042,
    202.409958,
    -113.983051,
    -137.685381,
    -134.560381,
    -246.027542,
    -143.220339,
    -100.0
  ]
}