{
  "scene": 0,
  "neg_value": -1,
  "density_threshold": 12000,
  "user_id": 1,
  "mode_id": 13,
  "level_start": 1000,
  "level_num": 5000,
  "sun_start": 10000.0,
  "sun_end": -500.0,
  "sun_cap": true,
  "mode": 1,
  "mode1_sim_num": 10000,
  "mode1_output_num": 10,
  "mode2_seed": 1780869046,
  "factor1": [
    19,
    5,
    8,
    11,
    6,
    5,
    5,
    18,
    19,
    19
  ],
  "factor2": [
    19,
    19,
    19,
    19,
    19,
    8,
    20,
    8,
    19,
    19
  ],
  "coef": [
    319.2125,
    -216.354167,
    -118.75,
    -425.0,
    -96.041667,
    -105.416667,
    -93.333333,
    108.645833,
    -400.0,
    170.0
  ]
}